customer_id,industry,insured_value_usd,construction_type,building_age_years,occupancy_type,coverage_type,deductible_usd,annual_premium_usd,state,city,zip_code,latitude,longitude,flood_zone,flood_risk_score,hurricane_risk_score,earthquake_risk_score,wildfire_risk_score,avg_annual_rainfall_mm,annual_severe_event_count,distance_to_coast_miles,distance_to_fault_miles,climate_risk_score,risk_band,claim_id,property_id,policy_id,claim_date,catastrophe_event_type,claim_type,claim_amount_usd,claim_status,days_to_settle,loss_ratio,high_severity_flag
CUST0001,Logistics,2122427,Concrete,18,Warehouse,Flood Add-On,10000,5572.85,IL,Chicago,60601,41.81591,-87.59115,D,7.8,0,7.4,6.8,1027.8,2.5,233,386.9,10.5,Low,CLM0001,PROP0001,POL0001,2025-04-05,No Cat Event,No Claim,0,Closed,0,0,No
CUST0002,Retail,2056182,Concrete,44,Warehouse,Catastrophe Extended,1000,7486.19,LA,New Orleans,70112,29.9828,-90.09706,D,80.3,77.9,0,13.8,1464.9,5.6,3.7,269.9,57.3,Medium,CLM0002,PROP0002,POL0002,2023-07-16,No Cat Event,No Claim,0,Closed,0,0,No
CUST0003,Financial Services,919343,Concrete,30,School,Multi-Peril,10000,2714.88,OH,Columbus,43215,39.89233,-82.973,Minimal,13.9,0,0,0,1157.2,2.2,320.2,178.4,10.2,Low,CLM0003,PROP0003,POL0003,2023-10-04,No Cat Event,No Claim,0,Closed,0,0,No
CUST0004,Education,7320354,Steel Frame,8,Office,Multi-Peril,10000,21938.5,NC,Charlotte,28202,35.2495,-80.83399,D,21.3,58.3,14,4.4,1156,2.8,460.7,394.1,32.8,Low,CLM0004,PROP0004,POL0004,2024-08-20,Windstorm,Roof Damage,356739,Denied,112,16.26,No
CUST0005,Retail,4524216,Concrete,64,Office,Standard Property,2500,13994.67,NY,New York,10001,40.69072,-73.92643,X,48.8,27.7,0,1.4,1378.6,2.9,486.7,695.6,30.5,Low,CLM0005,PROP0005,POL0005,2024-07-03,No Cat Event,No Claim,0,Closed,0,0,No
CUST0006,Manufacturing,2712057,Steel Frame,56,Data Center,Standard Property,50000,8662.49,MN,Minneapolis,55401,44.94049,-93.24245,X,7.9,0,0,22.4,913.4,1.4,333.9,506.7,11.1,Low,CLM0006,PROP0006,POL0006,2025-03-08,No Cat Event,No Claim,0,Closed,0,0,No
CUST0007,Education,4348721,Concrete,3,Hotel,Multi-Peril,2500,12598.97,NC,Charlotte,28202,35.23196,-80.92301,D,41.3,58.4,0,9.6,944.9,4.1,392.3,146.3,36,Low,CLM0007,PROP0007,POL0007,2024-06-24,No Cat Event,No Claim,0,Closed,0,0,No
CUST0008,Technology,6585623,Brick,26,School,Multi-Peril,10000,20309.83,UT,Salt Lake City,84101,40.77786,-111.8167,X,6.5,0,24.5,5.6,429.4,2.4,43.3,580.9,10.6,Low,CLM0008,PROP0008,POL0008,2025-05-30,No Cat Event,No Claim,0,Closed,0,0,No
CUST0009,Energy,2047148,Steel Frame,70,Data Center,Business Interruption,10000,7041.05,WA,Seattle,98101,47.53754,-122.37402,X,25.7,0,53.3,17.7,938.1,3.8,349.7,24.6,27.8,Low,CLM0009,PROP0009,POL0009,2023-07-16,Windstorm,Roof Damage,117310,Closed,66,16.66,No
CUST0010,Retail,2586606,Steel Frame,60,Warehouse,Catastrophe Extended,25000,9379.59,CA,Los Angeles,90012,34.05801,-118.30127,D,19.6,6.2,78.4,52.8,471.3,3.3,227,12.6,37.1,Low,CLM0010,PROP0010,POL0010,2023-01-03,No Cat Event,No Claim,0,Closed,0,0,No
CUST0011,Energy,2642843,Mixed Material,55,Data Center,Business Interruption,2500,7846.21,NY,New York,10001,40.67523,-73.96055,X,54.1,32.4,11,12.4,1040.6,3.6,271.3,689.5,36.2,Low,CLM0011,PROP0011,POL0011,2024-11-22,Earthquake,Structural Damage,207888,Closed,20,26.5,No
CUST0012,Public Sector,2315404,Mixed Material,75,Office,Flood Add-On,1000,6645.39,UT,Salt Lake City,84101,40.71843,-111.95182,D,10.5,0.7,45.4,11.1,487.8,1.8,222.1,553.8,18,Low,CLM0012,PROP0012,POL0012,2023-03-16,No Cat Event,No Claim,0,Closed,0,0,No
CUST0013,Manufacturing,864555,Steel Frame,69,Factory,Business Interruption,5000,3311.69,TX,Houston,77002,29.75373,-95.29005,AE,71.4,76.1,1.8,30,1423.3,4.8,34.6,540.5,57.1,Medium,CLM0013,PROP0013,POL0013,2024-11-10,No Cat Event,No Claim,0,Closed,0,0,No
CUST0014,Manufacturing,7713451,Mixed Material,14,Hospital,Multi-Peril,5000,28384.7,FL,Miami,33101,25.83193,-80.25031,A,76.5,86.1,8.2,2.9,1545.9,5.6,29.8,119.2,58.6,Medium,CLM0014,PROP0014,POL0014,2023-12-08,No Cat Event,No Claim,0,Closed,0,0,No
CUST0015,Retail,6467895,Mixed Material,57,School,Flood Add-On,1000,16317.48,MN,Minneapolis,55401,44.91873,-93.18823,D,28.4,5.7,0,0,732.9,2.2,237.7,81.4,14.3,Low,CLM0015,PROP0015,POL0015,2023-02-10,No Cat Event,No Claim,0,Closed,0,0,No
CUST0016,Manufacturing,3216871,Wood Frame,72,Hospital,Business Interruption,2500,10514.42,NC,Charlotte,28202,35.20435,-80.81397,X,39.3,56.4,0,17.1,1039.6,4.7,409,698,36.6,Low,CLM0016,PROP0016,POL0016,2023-08-16,Windstorm,Roof Damage,63320,Closed,123,6.02,No
CUST0017,Financial Services,7133158,Steel Frame,30,Office,Business Interruption,10000,25344.77,CA,Los Angeles,90012,34.10285,-118.25005,X,25.9,19,84.7,69.2,343.9,6.3,286.7,23.5,46.4,Medium,CLM0017,PROP0017,POL0017,2024-08-17,No Cat Event,No Claim,0,Closed,0,0,No
CUST0018,Education,6361478,Wood Frame,41,Warehouse,Catastrophe Extended,25000,22374.14,CA,San Francisco,94103,37.70102,-122.40395,D,11.3,3.1,95.5,54.2,667.3,5.6,379,5.7,38.6,Low,CLM0018,PROP0018,POL0018,2025-01-07,Wildfire,Fire Damage,252045,Under Review,34,11.27,No
CUST0019,Hospitality,2986220,Brick,52,Hospital,Business Interruption,10000,9542.3,NC,Charlotte,28202,35.19515,-80.87361,Minimal,26.4,52.4,0,12.1,1066.2,4,179.8,207.6,30.6,Low,CLM0019,PROP0019,POL0019,2024-03-28,No Cat Event,No Claim,0,Closed,0,0,No
CUST0020,Retail,5776840,Brick,11,Hotel,Standard Property,2500,18140.86,NJ,Jersey City,7302,40.7459,-74.04131,Minimal,36.7,26,0,0,1241,3.6,73.5,360.8,25.2,Low,CLM0020,PROP0020,POL0020,2024-01-29,No Cat Event,No Claim,0,Closed,0,0,No
CUST0021,Healthcare,7738173,Wood Frame,14,Retail Store,Business Interruption,50000,24753.74,NJ,Jersey City,7302,40.70174,-74.09949,D,31.5,27.5,13.4,3.7,1358.5,3.3,494.4,496.6,28.2,Low,CLM0021,PROP0021,POL0021,2024-05-31,No Cat Event,No Claim,0,Closed,0,0,No
CUST0022,Retail,6488233,Wood Frame,61,Factory,Business Interruption,50000,20089.51,NY,New York,10001,40.76569,-73.99834,X,48.3,29.5,3.7,3.2,1276.9,2.1,194.5,719.8,31.5,Low,CLM0022,PROP0022,POL0022,2024-02-29,Flood,Water Damage,373337,Open,19,18.58,No
CUST0023,Healthcare,1985052,Wood Frame,54,Office,Flood Add-On,10000,6198.91,NY,New York,10001,40.68574,-74.01145,X,53.3,24,7.4,16.7,1320.9,3.3,377.9,649.9,35,Low,CLM0023,PROP0023,POL0023,2024-05-12,No Cat Event,No Claim,0,Closed,0,0,No
CUST0024,Hospitality,6324873,Wood Frame,22,Hospital,Flood Add-On,25000,21835.61,TX,Houston,77002,29.74262,-95.34278,VE,56.8,81.9,0,24.3,1218.9,4.1,2.7,334.3,51.6,Medium,CLM0024,PROP0024,POL0024,2023-09-16,Hurricane,Wind/Water Damage,729490,Under Review,110,33.41,No
CUST0025,Technology,686925,Steel Frame,45,Warehouse,Standard Property,1000,2131.33,UT,Salt Lake City,84101,40.6939,-111.9679,D,0,0,26.7,8.8,471,2.3,140.3,574.6,9.8,Low,CLM0025,PROP0025,POL0025,2023-11-15,Windstorm,Roof Damage,13096,Closed,44,6.14,No
CUST0026,Public Sector,5932000,Wood Frame,49,Retail Store,Standard Property,25000,22455.79,FL,Miami,33101,25.77429,-80.12318,X,73.8,83.1,11.5,20.5,1586.1,3.5,34.5,637,61,Medium,CLM0026,PROP0026,POL0026,2025-05-19,Heavy Rain,Water Damage,163450,Under Review,6,7.28,No
CUST0027,Education,5581674,Steel Frame,59,School,Business Interruption,50000,17968,NY,New York,10001,40.76437,-74.06911,X,44.5,33.5,20.1,13.2,1187.4,4.3,312.5,291.7,36.4,Low,CLM0027,PROP0027,POL0027,2024-04-06,No Cat Event,No Claim,0,Closed,0,0,No
CUST0028,Hospitality,3071899,Wood Frame,4,Hotel,Business Interruption,10000,10885.9,CA,Los Angeles,90012,34.09228,-118.23252,Minimal,23.9,0.2,99.1,71,299.5,3.3,476.1,3.1,43.8,Medium,CLM0028,PROP0028,POL0028,2024-04-03,Wildfire,Fire Damage,111502,Paid,128,10.24,No
CUST0029,Hospitality,6053131,Brick,32,Hotel,Catastrophe Extended,25000,16767,MN,Minneapolis,55401,44.90056,-93.29792,X,12.8,7.4,0,16.1,697.5,1.4,95.5,194.4,12.6,Low,CLM0029,PROP0029,POL0029,2024-12-07,No Cat Event,No Claim,0,Closed,0,0,No
CUST0030,Financial Services,6328259,Mixed Material,68,Factory,Standard Property,2500,22869.69,LA,New Orleans,70112,29.90175,-90.03332,A,80.8,79.1,10,3.8,1436.4,3.1,10.9,758.1,58.1,Medium,CLM0030,PROP0030,POL0030,2023-12-15,Flood,Water Damage,340297,Paid,115,14.88,No
CUST0031,Energy,1207032,Wood Frame,9,Data Center,Standard Property,25000,5013.43,LA,New Orleans,70112,30.02558,-90.1111,D,71.6,74.5,6.5,9.1,1777.8,3.1,27,504.7,55.7,Medium,CLM0031,PROP0031,POL0031,2025-05-30,Hurricane,Wind/Water Damage,86804,Paid,79,17.31,No
CUST0032,Public Sector,755248,Steel Frame,13,Retail Store,Multi-Peril,50000,3115.62,AZ,Phoenix,85004,33.52681,-112.10514,D,0,1.6,6.8,52.3,278.2,2.4,55,266.1,12.7,Low,CLM0032,PROP0032,POL0032,2024-12-04,No Cat Event,No Claim,0,Closed,0,0,No
CUST0033,Public Sector,5796405,Wood Frame,26,Warehouse,Flood Add-On,2500,21223.13,CA,Los Angeles,90012,34.12003,-118.19765,X,27.3,14.8,79.7,55,310.7,5.2,301.8,7.9,41.9,Medium,CLM0033,PROP0033,POL0033,2024-02-17,No Cat Event,No Claim,0,Closed,0,0,No
CUST0034,Manufacturing,5266695,Wood Frame,6,Hotel,Flood Add-On,5000,17863.75,CA,San Francisco,94103,37.77498,-122.42039,X,16.9,10.2,100,47.6,427.5,5.2,417.9,14.8,41,Medium,CLM0034,PROP0034,POL0034,2023-10-12,No Cat Event,No Claim,0,Closed,0,0,No
CUST0035,Energy,8379024,Wood Frame,12,Hotel,Catastrophe Extended,5000,30397.91,LA,New Orleans,70112,30.03061,-90.08176,AE,73.1,74.8,2.9,14.9,1658.5,4,26.9,77.5,55.9,Medium,CLM0035,PROP0035,POL0035,2025-04-24,Hurricane,Wind/Water Damage,1140245,Paid,134,37.51,No
CUST0036,Hospitality,704696,Mixed Material,25,Hotel,Flood Add-On,10000,2745.83,TX,Houston,77002,29.78563,-95.36299,D,67.8,71.1,11.2,32.8,1327.7,5.1,5.1,779.9,56.6,Medium,CLM0036,PROP0036,POL0036,2023-11-15,No Cat Event,No Claim,0,Closed,0,0,No
CUST0037,Logistics,7308222,Wood Frame,15,Warehouse,Business Interruption,10000,24074.58,CO,Denver,80202,39.66139,-105.00502,Minimal,13.8,11.2,23,44.5,420,2.9,106.5,193,22.7,Low,CLM0037,PROP0037,POL0037,2023-03-13,No Cat Event,No Claim,0,Closed,0,0,No
CUST0038,Education,8087043,Brick,65,Office,Multi-Peril,50000,29158.46,CA,San Francisco,94103,37.81853,-122.36269,D,27.6,20,94.8,34.5,613.9,4,293.9,14,44.6,Medium,CLM0038,PROP0038,POL0038,2024-12-15,No Cat Event,No Claim,0,Closed,0,0,No
CUST0039,Hospitality,616140,Wood Frame,41,School,Catastrophe Extended,50000,3286.32,CA,Los Angeles,90012,34.06369,-118.28633,X,19.6,0,100,53.8,547.5,3.9,86.2,21.3,40.7,Medium,CLM0039,PROP0039,POL0039,2025-01-09,No Cat Event,No Claim,0,Closed,0,0,No
CUST0040,Retail,877704,Brick,61,Hotel,Flood Add-On,50000,4200.54,LA,New Orleans,70112,29.9367,-90.04673,D,72.4,79.9,9.2,16,1763.5,4.8,31.2,416,59.3,Medium,CLM0040,PROP0040,POL0040,2025-02-03,Flood,Water Damage,87885,Under Review,61,20.92,No
CUST0041,Manufacturing,3971845,Brick,22,Office,Standard Property,5000,14968.43,FL,Miami,33101,25.75114,-80.25605,A,63.8,91.2,0,10.9,1573.7,5.1,6.8,109.2,55.8,Medium,CLM0041,PROP0041,POL0041,2024-08-20,No Cat Event,No Claim,0,Closed,0,0,No
CUST0042,Energy,2391835,Wood Frame,2,Factory,Flood Add-On,2500,8462.19,LA,New Orleans,70112,29.90825,-90.04944,A,98.4,99.6,0.2,28.9,1668.5,5.2,11.3,799.5,73,High,CLM0042,PROP0042,POL0042,2023-01-23,Hurricane,Wind/Water Damage,190267,Under Review,78,22.48,Yes
CUST0043,Public Sector,7506711,Mixed Material,7,Data Center,Multi-Peril,2500,22094.03,UT,Salt Lake City,84101,40.78612,-111.92708,Minimal,3.6,4.1,37.9,25.3,489.5,3.2,425.6,521.2,17.6,Low,CLM0043,PROP0043,POL0043,2024-03-27,No Cat Event,No Claim,0,Closed,0,0,No
CUST0044,Manufacturing,7880511,Brick,38,School,Business Interruption,2500,26964.81,TX,Houston,77002,29.77313,-95.33262,X,61.2,94.1,10.7,32.4,1469,4.1,29,411.4,61.5,Medium,CLM0044,PROP0044,POL0044,2023-04-28,No Cat Event,No Claim,0,Closed,0,0,No
CUST0045,Logistics,7465382,Mixed Material,51,Hotel,Standard Property,10000,21611.22,NJ,Jersey City,7302,40.79186,-74.10058,X,46.1,33.6,9.1,10.2,1280.4,4.1,472.5,131.3,34.4,Low,CLM0045,PROP0045,POL0045,2024-07-28,No Cat Event,No Claim,0,Closed,0,0,No
CUST0046,Manufacturing,5580154,Brick,60,School,Standard Property,2500,16996.31,WA,Seattle,98101,47.67264,-122.37668,Minimal,21.1,19.9,45.8,12,963.5,2.8,210.7,23.8,29.4,Low,CLM0046,PROP0046,POL0046,2025-01-30,No Cat Event,No Claim,0,Closed,0,0,No
CUST0047,Manufacturing,7243524,Mixed Material,63,School,Multi-Peril,1000,19993.02,OH,Columbus,43215,39.90592,-83.01242,X,9.5,1.3,0,0.9,1173.1,1.3,454.8,533.6,9.4,Low,CLM0047,PROP0047,POL0047,2023-05-06,No Cat Event,No Claim,0,Closed,0,0,No
CUST0048,Logistics,5633007,Concrete,3,Hotel,Business Interruption,2500,16997.13,UT,Salt Lake City,84101,40.81267,-111.95633,Minimal,0,9.9,36.3,22.6,522.7,1.8,396.2,641.5,17.4,Low,CLM0048,PROP0048,POL0048,2025-03-28,No Cat Event,Liability/Other,60603,Open,67,3.57,No
CUST0049,Retail,374657,Steel Frame,46,Hotel,Standard Property,2500,1396.39,LA,New Orleans,70112,29.88869,-90.01287,VE,73.8,82.6,0,1.9,1581.4,3.7,21.2,389,55,Medium,CLM0049,PROP0049,POL0049,2025-03-13,No Cat Event,No Claim,0,Closed,0,0,No
CUST0050,Energy,5646732,Concrete,4,Data Center,Catastrophe Extended,10000,17913.45,NC,Charlotte,28202,35.28582,-80.83967,Minimal,29.7,57.3,0,0,1139,1.6,166.5,524.8,31.2,Low,CLM0050,PROP0050,POL0050,2024-09-03,No Cat Event,No Claim,0,Closed,0,0,No
CUST0051,Hospitality,1081969,Mixed Material,15,Retail Store,Catastrophe Extended,10000,3715.3,CO,Denver,80202,39.70638,-104.98941,Minimal,17.4,14.8,22.6,51.9,362.5,2.7,157.2,765.2,25.8,Low,CLM0051,PROP0051,POL0051,2025-05-01,No Cat Event,No Claim,0,Closed,0,0,No
CUST0052,Education,7059614,Mixed Material,17,Office,Flood Add-On,25000,26265.29,FL,Miami,33101,25.69662,-80.25635,X,75.1,92.3,14,23.2,1522.3,6.2,2.7,265.7,64.7,Medium,CLM0052,PROP0052,POL0052,2025-05-17,Earthquake,Structural Damage,350800,Paid,60,13.36,No
CUST0053,Manufacturing,6647199,Mixed Material,36,Retail Store,Catastrophe Extended,25000,25857.86,FL,Miami,33101,25.73772,-80.1828,X,79.6,98.4,8.4,0,1704.5,5.6,10.1,185.3,63.4,Medium,CLM0053,PROP0053,POL0053,2023-07-05,No Cat Event,No Claim,0,Closed,0,0,No
CUST0054,Manufacturing,1440130,Concrete,4,Retail Store,Catastrophe Extended,10000,4340.67,UT,Salt Lake City,84101,40.70372,-111.86582,X,0,0,30.8,33.2,444.6,3.7,111.6,615.8,15,Low,CLM0054,PROP0054,POL0054,2024-11-08,No Cat Event,No Claim,0,Closed,0,0,No
CUST0055,Financial Services,2058323,Concrete,66,Hotel,Catastrophe Extended,1000,6080.83,NY,New York,10001,40.71051,-74.01527,X,45.4,29.6,14,0,1162.3,3.3,43.5,276.1,31.7,Low,CLM0055,PROP0055,POL0055,2023-10-24,No Cat Event,No Claim,0,Closed,0,0,No
CUST0056,Hospitality,1723834,Wood Frame,17,Retail Store,Flood Add-On,25000,6278.45,WA,Seattle,98101,47.5454,-122.33252,Minimal,44.2,0,63.7,6.3,776.7,4.7,436.6,14.8,33.2,Low,CLM0056,PROP0056,POL0056,2023-10-24,No Cat Event,No Claim,0,Closed,0,0,No
CUST0057,Retail,6971977,Brick,59,Warehouse,Catastrophe Extended,1000,24577.58,FL,Miami,33101,25.74651,-80.11721,AE,72.7,95.7,2.5,4.3,1492.2,3.9,6.7,432.9,58.8,Medium,CLM0057,PROP0057,POL0057,2023-08-30,Flood,Water Damage,823061,Under Review,40,33.49,No
CUST0058,Public Sector,1532364,Steel Frame,10,Data Center,Catastrophe Extended,25000,6214.11,FL,Miami,33101,25.70513,-80.24024,AE,68.5,100,6.5,14.1,1594.8,5.7,22.3,163.2,61.9,Medium,CLM0058,PROP0058,POL0058,2023-12-27,Wildfire,Fire Damage,194631,Denied,17,31.32,No
CUST0059,Healthcare,727228,Brick,48,Warehouse,Standard Property,25000,2777.23,CO,Denver,80202,39.67107,-104.99642,Minimal,16.5,7.4,35.9,52.2,264.8,4.6,303,191.2,26,Low,CLM0059,PROP0059,POL0059,2023-03-05,No Cat Event,No Claim,0,Closed,0,0,No
CUST0060,Education,8490847,Mixed Material,11,Hospital,Standard Property,2500,26758.37,NJ,Jersey City,7302,40.65436,-73.97924,AE,59.7,35.7,7.6,0.9,1400.5,2.9,396.3,559.2,37.9,Low,CLM0060,PROP0060,POL0060,2023-03-09,No Cat Event,No Claim,0,Closed,0,0,No
CUST0061,Financial Services,2363893,Brick,20,Warehouse,Flood Add-On,50000,8269.73,WA,Seattle,98101,47.54132,-122.30356,D,30.5,19,59.8,16.8,984.2,4.9,182.4,10,36.2,Low,CLM0061,PROP0061,POL0061,2025-04-28,No Cat Event,No Claim,0,Closed,0,0,No
CUST0062,Manufacturing,5669248,Mixed Material,55,Hotel,Standard Property,5000,14867.24,OH,Columbus,43215,40.04075,-82.93281,Minimal,31.5,0,9.4,0,1180,1.1,176.1,641.1,18,Low,CLM0062,PROP0062,POL0062,2024-06-23,No Cat Event,No Claim,0,Closed,0,0,No
CUST0063,Public Sector,1349319,Steel Frame,49,Hospital,Business Interruption,50000,5953.27,TX,Houston,77002,29.78631,-95.30958,A,69.3,70,8.5,17.3,1413.5,3.5,16.1,263.7,53.8,Medium,CLM0063,PROP0063,POL0063,2024-01-12,Flood,Water Damage,175989,Paid,52,29.56,No
CUST0064,Energy,6704518,Wood Frame,37,School,Business Interruption,2500,19085.83,IL,Chicago,60601,41.94964,-87.55229,D,9.2,0,8.4,16.2,969.6,0.9,429.1,688.4,12.6,Low,CLM0064,PROP0064,POL0064,2025-04-30,Earthquake,Structural Damage,108848,Denied,40,5.7,No
CUST0065,Energy,7670812,Concrete,45,School,Standard Property,10000,23458.31,NY,New York,10001,40.64747,-73.94032,X,32.1,44.8,7,0,1355.1,3.9,339,643.5,31.1,Low,CLM0065,PROP0065,POL0065,2024-04-04,No Cat Event,Liability/Other,319530,Open,123,13.62,No
CUST0066,Financial Services,2059043,Mixed Material,20,School,Standard Property,5000,5996.7,AZ,Phoenix,85004,33.36924,-112.14132,Minimal,0,0,18.3,58.7,100,3.8,269.9,452,15.1,Low,CLM0066,PROP0066,POL0066,2023-05-28,No Cat Event,No Claim,0,Closed,0,0,No
CUST0067,Logistics,5037074,Steel Frame,54,Warehouse,Flood Add-On,5000,17173.52,CA,San Francisco,94103,37.76358,-122.40103,D,25.8,5.2,100,46.6,560.6,4.4,332.4,24.5,42.9,Medium,CLM0067,PROP0067,POL0067,2023-03-11,No Cat Event,No Claim,0,Closed,0,0,No
CUST0068,Manufacturing,6721822,Brick,75,Hospital,Standard Property,5000,21859.58,WA,Seattle,98101,47.56478,-122.30696,D,44.4,0,61.7,18.9,1020.3,4,413.3,2.5,36.3,Low,CLM0068,PROP0068,POL0068,2023-11-14,Flood,Water Damage,497871,Closed,83,22.78,No
CUST0069,Energy,2374949,Steel Frame,5,Factory,Multi-Peril,1000,7715,CO,Denver,80202,39.72292,-104.93984,D,15,0,21.8,56.7,517.6,4.2,217.9,780.3,22.4,Low,CLM0069,PROP0069,POL0069,2025-03-27,No Cat Event,No Claim,0,Closed,0,0,No
CUST0070,Hospitality,912087,Mixed Material,56,Hospital,Flood Add-On,5000,2856.54,CO,Denver,80202,39.70188,-105.05708,D,7.4,9.8,20.4,48.1,403.4,3.5,201.7,81.8,20.3,Low,CLM0070,PROP0070,POL0070,2024-10-16,No Cat Event,No Claim,0,Closed,0,0,No
CUST0071,Hospitality,3297674,Steel Frame,66,Office,Business Interruption,25000,9556.19,MN,Minneapolis,55401,45.04946,-93.33299,D,13.1,0,0,14.4,730.4,3.3,54.9,165.1,10.4,Low,CLM0071,PROP0071,POL0071,2025-02-20,No Cat Event,No Claim,0,Closed,0,0,No
CUST0072,Hospitality,2887256,Steel Frame,36,Warehouse,Standard Property,50000,11103.72,FL,Miami,33101,25.77353,-80.18709,A,70.5,100,0,18.2,1623.5,3.8,21.8,570.5,62,Medium,CLM0072,PROP0072,POL0072,2023-03-31,Flood,Water Damage,82866,Open,116,7.46,No
CUST0073,Education,5852246,Concrete,45,Factory,Multi-Peril,2500,16200.58,MN,Minneapolis,55401,45.00691,-93.20972,X,27.8,4.1,10,10.3,643.7,1.5,103.9,642.8,17.3,Low,CLM0073,PROP0073,POL0073,2024-04-23,No Cat Event,No Claim,0,Closed,0,0,No
CUST0074,Manufacturing,801535,Wood Frame,40,Data Center,Flood Add-On,10000,2430.4,MN,Minneapolis,55401,45.05508,-93.32424,Minimal,24.7,0,14.3,14.3,762,2.9,198.5,708.5,17.4,Low,CLM0074,PROP0074,POL0074,2023-05-13,No Cat Event,No Claim,0,Closed,0,0,No
CUST0075,Manufacturing,4596155,Brick,20,Hospital,Business Interruption,5000,14831.34,NY,New York,10001,40.71326,-73.94709,Minimal,31.8,43.4,10.5,0,1048.4,2,479.9,255.8,29.9,Low,CLM0075,PROP0075,POL0075,2023-06-25,Heavy Rain,Water Damage,193173,Open,42,13.02,No
CUST0076,Education,7317653,Concrete,73,Office,Standard Property,1000,21227.79,IL,Chicago,60601,41.89802,-87.56548,Minimal,28.1,0,0,7.2,992.5,0.7,448.9,459.2,15.3,Low,CLM0076,PROP0076,POL0076,2025-04-04,No Cat Event,No Claim,0,Closed,0,0,No
CUST0077,Manufacturing,6026509,Steel Frame,8,Data Center,Catastrophe Extended,10000,16235.2,MN,Minneapolis,55401,45.0074,-93.29741,Minimal,10.2,0,11.7,4.6,955.7,1.5,223.4,620.5,11.4,Low,CLM0077,PROP0077,POL0077,2024-04-22,No Cat Event,No Claim,0,Closed,0,0,No
CUST0078,Manufacturing,674507,Wood Frame,38,School,Business Interruption,2500,2579.67,FL,Miami,33101,25.7245,-80.23213,AE,83,100,0,0,1728.5,4.5,30.9,423,63.2,Medium,CLM0078,PROP0078,POL0078,2023-09-04,No Cat Event,No Claim,0,Closed,0,0,No
CUST0079,Financial Services,4401473,Brick,61,Office,Standard Property,10000,15373.3,CA,Los Angeles,90012,34.06554,-118.31591,D,7.9,1,87.7,51.4,218.4,4.2,206.8,7.9,32.4,Low,CLM0079,PROP0079,POL0079,2023-10-14,No Cat Event,No Claim,0,Closed,0,0,No
CUST0080,Manufacturing,1329306,Wood Frame,13,Hotel,Multi-Peril,25000,4580.08,UT,Salt Lake City,84101,40.83905,-111.86214,D,15.6,0,35.2,20,246.3,1.6,193.2,405.3,17.6,Low,CLM0080,PROP0080,POL0080,2023-06-16,No Cat Event,Liability/Other,14213,Denied,84,3.1,No
CUST0081,Financial Services,5230523,Mixed Material,44,Data Center,Flood Add-On,5000,15902.49,NY,New York,10001,40.7913,-73.96771,Minimal,25.5,24.9,0.6,2.5,1130.8,3.6,441.2,521.9,21.4,Low,CLM0081,PROP0081,POL0081,2025-03-12,No Cat Event,No Claim,0,Closed,0,0,No
CUST0082,Healthcare,5144948,Steel Frame,62,School,Business Interruption,50000,14232.18,MN,Minneapolis,55401,44.99036,-93.30859,Minimal,17.2,6,0,8.2,750.8,1.8,133.8,426.4,12.4,Low,CLM0082,PROP0082,POL0082,2025-01-23,No Cat Event,No Claim,0,Closed,0,0,No
CUST0083,Logistics,4955059,Wood Frame,42,School,Multi-Peril,2500,13255.8,OH,Columbus,43215,39.89117,-83.05671,X,19,4.4,7.2,16,1065.1,3.2,161.6,413.1,17.1,Low,CLM0083,PROP0083,POL0083,2023-11-01,No Cat Event,No Claim,0,Closed,0,0,No
CUST0084,Energy,2909530,Brick,62,Factory,Multi-Peril,1000,7888.51,MN,Minneapolis,55401,44.94404,-93.31184,X,16.3,11.9,0.5,5.4,878.3,1,59.4,766.5,14,Low,CLM0084,PROP0084,POL0084,2023-09-20,No Cat Event,No Claim,0,Closed,0,0,No
CUST0085,Technology,2524426,Brick,72,Hospital,Standard Property,25000,7511.86,OH,Columbus,43215,39.95785,-83.04647,Minimal,10.2,0,12.7,0,903.8,0.7,191.9,404.3,10.6,Low,CLM0085,PROP0085,POL0085,2024-07-17,No Cat Event,No Claim,0,Closed,0,0,No
CUST0086,Energy,4255128,Brick,26,Hotel,Multi-Peril,50000,13281,NC,Charlotte,28202,35.17237,-80.81864,X,38.1,49.6,0,17.2,1226.1,1.9,463.9,363.4,35.3,Low,CLM0086,PROP0086,POL0086,2025-05-06,No Cat Event,No Claim,0,Closed,0,0,No
CUST0087,Financial Services,7604654,Concrete,5,Factory,Flood Add-On,25000,22357.07,NY,New York,10001,40.75887,-74.05619,X,54.5,23.5,21.7,6.3,1197.8,4.6,431.5,401,35.9,Low,CLM0087,PROP0087,POL0087,2025-01-18,No Cat Event,No Claim,0,Closed,0,0,No
CUST0088,Healthcare,6429198,Brick,44,Retail Store,Business Interruption,25000,21105.31,NJ,Jersey City,7302,40.74153,-74.00812,VE,56.9,44.8,5.4,0,1310.9,2.3,104.7,292.7,38.5,Low,CLM0088,PROP0088,POL0088,2023-11-06,Hurricane,Wind/Water Damage,317528,Under Review,87,15.04,No
CUST0089,Education,6061364,Concrete,31,Warehouse,Catastrophe Extended,5000,17269.64,AZ,Phoenix,85004,33.48406,-112.15217,X,10.6,12.7,24.3,63.1,278.5,3.8,472.7,325.7,25,Low,CLM0089,PROP0089,POL0089,2024-03-01,Hurricane,Wind/Water Damage,96528,Denied,98,5.59,No
CUST0090,Technology,6977621,Steel Frame,28,Warehouse,Flood Add-On,10000,18987.38,OH,Columbus,43215,39.96908,-83.00347,Minimal,13.9,15.5,0,14.9,1145,1.3,286.9,173.4,17.2,Low,CLM0090,PROP0090,POL0090,2025-01-04,No Cat Event,No Claim,0,Closed,0,0,No
CUST0091,Energy,7033800,Wood Frame,8,Hospital,Flood Add-On,10000,20960.05,AZ,Phoenix,85004,33.44661,-112.01018,X,0,0,22.4,61.7,172.5,3.9,383.1,483.7,16.9,Low,CLM0091,PROP0091,POL0091,2024-07-08,No Cat Event,No Claim,0,Closed,0,0,No
CUST0092,Energy,516211,Wood Frame,37,Hospital,Business Interruption,50000,2937.77,TX,Houston,77002,29.82993,-95.43876,D,64.4,77.6,21.8,16.5,1483.1,5.7,13.8,562,57.5,Medium,CLM0092,PROP0092,POL0092,2024-06-25,Windstorm,Roof Damage,16651,Denied,103,5.67,No
CUST0093,Healthcare,6593292,Brick,3,Data Center,Flood Add-On,10000,24596.98,LA,New Orleans,70112,29.98756,-90.11587,A,94.7,77.4,1.3,8.3,1757.5,5.2,4.8,657.1,62.5,Medium,CLM0093,PROP0093,POL0093,2023-01-17,No Cat Event,No Claim,0,Closed,0,0,No
CUST0094,Healthcare,3995019,Steel Frame,7,Office,Catastrophe Extended,10000,14132.57,CA,Los Angeles,90012,34.00517,-118.30756,Minimal,6.5,15.9,79.4,65.1,304.1,5.2,376.5,8.7,37.2,Low,CLM0094,PROP0094,POL0094,2023-08-31,No Cat Event,No Claim,0,Closed,0,0,No
CUST0095,Technology,2104240,Brick,53,Factory,Standard Property,25000,8373.87,CA,San Francisco,94103,37.8351,-122.34169,Minimal,36.4,17.3,98,42.8,598.4,6.2,473.1,17.1,48.7,Medium,CLM0095,PROP0095,POL0095,2025-02-11,Earthquake,Structural Damage,64383,Paid,50,7.69,No
CUST0096,Financial Services,7443577,Wood Frame,19,Office,Flood Add-On,10000,24621.37,CO,Denver,80202,39.73496,-104.93441,Minimal,21.7,0,18.8,36.1,482.8,4,429.7,119.3,20,Low,CLM0096,PROP0096,POL0096,2024-01-22,No Cat Event,No Claim,0,Closed,0,0,No
CUST0097,Manufacturing,1828428,Steel Frame,72,Data Center,Business Interruption,5000,4927.1,IL,Chicago,60601,41.8949,-87.70347,Minimal,32.3,0,0,12.2,1038.9,3,460.6,571.7,17.7,Low,CLM0097,PROP0097,POL0097,2024-04-22,No Cat Event,Liability/Other,49016,Under Review,100,9.95,No
CUST0098,Education,4551816,Wood Frame,64,Warehouse,Catastrophe Extended,5000,14936.56,CO,Denver,80202,39.763,-105.02095,D,16.1,2.4,26.5,36.6,302.5,2.1,470,484.4,19.8,Low,CLM0098,PROP0098,POL0098,2023-08-24,No Cat Event,No Claim,0,Closed,0,0,No
CUST0099,Technology,5741249,Brick,44,Data Center,Catastrophe Extended,10000,16841.26,NY,New York,10001,40.72397,-74.04668,X,48.8,20.1,15.3,4.6,1350.1,3.1,335.2,94,32.2,Low,CLM0099,PROP0099,POL0099,2025-04-17,No Cat Event,No Claim,0,Closed,0,0,No
CUST0100,Retail,7317777,Concrete,30,Hospital,Standard Property,2500,19961.99,IL,Chicago,60601,41.80586,-87.70878,X,16.2,8.5,9,8.5,944,2.2,43,463.7,15.8,Low,CLM0100,PROP0100,POL0100,2024-05-29,Windstorm,Roof Damage,170959,Under Review,7,8.56,No
CUST0101,Retail,1147718,Mixed Material,13,Hospital,Business Interruption,2500,3426.2,UT,Salt Lake City,84101,40.79246,-111.90211,D,0.6,0,42.1,7.4,575.3,2.2,151.9,572.9,13.7,Low,CLM0101,PROP0101,POL0101,2024-10-31,No Cat Event,No Claim,0,Closed,0,0,No
CUST0102,Hospitality,3431497,Mixed Material,49,Data Center,Standard Property,50000,10256.57,UT,Salt Lake City,84101,40.78478,-111.96593,X,0,0,33.4,28.5,433.7,3.6,83.9,446.1,14.6,Low,CLM0102,PROP0102,POL0102,2023-10-05,No Cat Event,Liability/Other,91333,Denied,124,8.9,No
CUST0103,Financial Services,7793972,Mixed Material,70,Office,Business Interruption,5000,26356.05,TX,Houston,77002,29.82827,-95.34029,D,51.2,69.3,17.7,29.6,1504.4,3.7,20.2,475,52.5,Medium,CLM0103,PROP0103,POL0103,2024-01-29,No Cat Event,No Claim,0,Closed,0,0,No
CUST0104,Manufacturing,4450954,Concrete,45,Warehouse,Catastrophe Extended,2500,12559.27,MN,Minneapolis,55401,45.01616,-93.21852,D,10.2,8.1,13.9,6.9,878.5,0.7,165.7,794.4,14.2,Low,CLM0104,PROP0104,POL0104,2023-03-29,Heavy Rain,Water Damage,71163,Open,100,5.67,No
CUST0105,Manufacturing,938184,Steel Frame,35,School,Business Interruption,50000,3468.22,MN,Minneapolis,55401,44.99678,-93.21731,Minimal,10.8,0,13.6,8.3,874.1,0.9,80.2,373.2,12.3,Low,CLM0105,PROP0105,POL0105,2023-01-27,No Cat Event,No Claim,0,Closed,0,0,No
CUST0106,Public Sector,6830348,Wood Frame,42,Office,Multi-Peril,10000,24653.46,FL,Miami,33101,25.73833,-80.25691,X,57.5,100,14.7,24.3,1575.9,3.8,13.9,154.1,61.9,Medium,CLM0106,PROP0106,POL0106,2023-11-03,Flood,Water Damage,282368,Under Review,110,11.45,No
CUST0107,Logistics,6297342,Mixed Material,64,Retail Store,Catastrophe Extended,1000,18387.43,NJ,Jersey City,7302,40.76303,-74.06532,Minimal,30.2,31.9,13.2,1.4,1380.4,2.6,238.1,667.7,28.7,Low,CLM0107,PROP0107,POL0107,2023-11-25,No Cat Event,No Claim,0,Closed,0,0,No
CUST0108,Education,1740129,Brick,51,Factory,Catastrophe Extended,25000,5862.28,AZ,Phoenix,85004,33.51996,-112.12186,Minimal,0,0,21.9,51,365.5,1.8,498.7,184.9,15.8,Low,CLM0108,PROP0108,POL0108,2025-03-27,Windstorm,Roof Damage,65285,Open,115,11.14,No
CUST0109,Hospitality,5895345,Steel Frame,64,Factory,Business Interruption,5000,21476.32,CA,San Francisco,94103,37.82791,-122.48833,Minimal,31.5,13.7,84.8,59.7,592.5,4.4,273,23.1,46.3,Medium,CLM0109,PROP0109,POL0109,2023-04-22,Flood,Water Damage,663427,Denied,24,30.89,No
CUST0110,Retail,5677428,Mixed Material,6,School,Multi-Peril,10000,14492.23,MN,Minneapolis,55401,44.93752,-93.23865,Minimal,3,0,8.9,11.7,847.6,1.1,212.1,397.3,9.3,Low,CLM0110,PROP0110,POL0110,2023-12-20,No Cat Event,No Claim,0,Closed,0,0,No
CUST0111,Manufacturing,1223660,Brick,19,Factory,Multi-Peril,10000,4698.43,TX,Houston,77002,29.75764,-95.40253,AE,60.6,75.4,0.3,26.7,1332.9,2.9,2.5,583.1,52,Medium,CLM0111,PROP0111,POL0111,2024-11-24,No Cat Event,No Claim,0,Closed,0,0,No
CUST0112,Logistics,4578470,Mixed Material,23,Hospital,Multi-Peril,25000,12612.56,MN,Minneapolis,55401,44.9241,-93.18758,D,13.9,8.9,6.1,0.6,836.6,1.7,379.2,712.3,12.6,Low,CLM0112,PROP0112,POL0112,2024-12-22,No Cat Event,No Claim,0,Closed,0,0,No
CUST0113,Manufacturing,5093145,Mixed Material,14,Hospital,Multi-Peril,5000,17786.35,CA,Los Angeles,90012,34.00513,-118.20333,D,3.4,10.1,89.7,79,312.8,4.2,220.6,3.7,39.4,Low,CLM0113,PROP0113,POL0113,2025-04-13,No Cat Event,No Claim,0,Closed,0,0,No
CUST0114,Public Sector,5200691,Steel Frame,11,Hotel,Standard Property,2500,13784.52,IL,Chicago,60601,41.91106,-87.66221,Minimal,10.5,10.8,5.3,2.5,819.6,1.6,125.4,526.6,12.1,Low,CLM0114,PROP0114,POL0114,2023-06-27,No Cat Event,No Claim,0,Closed,0,0,No
CUST0115,Retail,2888888,Mixed Material,58,Office,Multi-Peril,1000,8939.71,CO,Denver,80202,39.6859,-105.02409,X,10.9,1.5,26.5,49.6,397.3,3,366.7,382.9,20.7,Low,CLM0115,PROP0115,POL0115,2023-10-09,Flood,Water Damage,118064,Under Review,11,13.21,No
CUST0116,Energy,4995019,Mixed Material,64,Warehouse,Flood Add-On,1000,17507.09,CA,Los Angeles,90012,34.05822,-118.29679,Minimal,16.3,19.7,91,72.7,473.6,4.7,140.5,11.2,46.2,Medium,CLM0116,PROP0116,POL0116,2023-11-01,No Cat Event,No Claim,0,Closed,0,0,No
CUST0117,Education,7482654,Wood Frame,12,Warehouse,Business Interruption,2500,22632.88,UT,Salt Lake City,84101,40.84069,-111.89904,X,10.6,0,40.1,24,289.8,1.7,135,205.2,18,Low,CLM0117,PROP0117,POL0117,2024-09-03,No Cat Event,No Claim,0,Closed,0,0,No
CUST0118,Financial Services,2677103,Brick,74,Warehouse,Business Interruption,10000,8930.72,CO,Denver,80202,39.68614,-104.91366,Minimal,34.8,16,16,56,339.9,4.2,421.1,621.1,30.9,Low,CLM0118,PROP0118,POL0118,2024-10-09,No Cat Event,No Claim,0,Closed,0,0,No
CUST0119,Manufacturing,5565254,Wood Frame,12,Factory,Multi-Peril,10000,21028.53,CA,San Francisco,94103,37.79535,-122.43937,X,19.8,0,100,52,683.1,4.2,345.5,9.6,41.1,Medium,CLM0119,PROP0119,POL0119,2024-03-15,No Cat Event,No Claim,0,Closed,0,0,No
CUST0120,Financial Services,3083295,Mixed Material,71,Hospital,Flood Add-On,10000,9477.85,UT,Salt Lake City,84101,40.7147,-111.92803,D,19.8,7.9,24.1,23.8,531.2,1.3,467.5,168.5,20.8,Low,CLM0120,PROP0120,POL0120,2023-06-12,No Cat Event,Liability/Other,47785,Open,80,5.04,No
CUST0121,Education,2350417,Brick,11,Hospital,Standard Property,10000,7119.61,UT,Salt Lake City,84101,40.83004,-111.92716,Minimal,14.8,7.7,33.3,7.7,264.3,1.7,75.9,495.3,16.9,Low,CLM0121,PROP0121,POL0121,2024-12-13,No Cat Event,No Claim,0,Closed,0,0,No
CUST0122,Hospitality,6071954,Wood Frame,17,Warehouse,Business Interruption,10000,18746.68,WA,Seattle,98101,47.65694,-122.254,Minimal,44.2,0,51.8,14,907.8,4.3,442.3,16.4,32.6,Low,CLM0122,PROP0122,POL0122,2023-12-26,Wildfire,Fire Damage,63074,Open,115,3.36,No
CUST0123,Hospitality,5418020,Steel Frame,57,Warehouse,Standard Property,2500,15124.17,OH,Columbus,43215,39.91529,-82.95908,Minimal,20.7,0,14.1,0,870.3,1.4,78.8,465,14.1,Low,CLM0123,PROP0123,POL0123,2024-12-08,No Cat Event,No Claim,0,Closed,0,0,No
CUST0124,Financial Services,1973403,Mixed Material,67,Retail Store,Catastrophe Extended,5000,7245.63,TX,Houston,77002,29.81606,-95.34446,AE,68.5,88.8,3.7,16.6,1256.8,4.9,3.4,716.5,56.9,Medium,CLM0124,PROP0124,POL0124,2023-05-16,No Cat Event,No Claim,0,Closed,0,0,No
CUST0125,Education,4833168,Wood Frame,23,Warehouse,Standard Property,25000,14314.47,NY,New York,10001,40.77053,-73.99506,Minimal,32.9,16.2,0,13.7,1202.4,2.9,270.5,361.6,23.5,Low,CLM0125,PROP0125,POL0125,2024-07-04,No Cat Event,No Claim,0,Closed,0,0,No
CUST0126,Manufacturing,4539134,Steel Frame,27,Hotel,Catastrophe Extended,25000,14219.39,AZ,Phoenix,85004,33.39283,-112.14062,D,15,5.4,4.6,61,292.8,4,66.6,114.7,19.8,Low,CLM0126,PROP0126,POL0126,2023-01-13,Heavy Rain,Water Damage,37842,Open,33,2.66,No
CUST0127,Energy,8244479,Mixed Material,45,Factory,Business Interruption,5000,20975.2,OH,Columbus,43215,39.90315,-83.07698,Minimal,26.4,0,12.3,13.1,830.6,3.3,165.1,97.9,17.7,Low,CLM0127,PROP0127,POL0127,2024-05-23,No Cat Event,No Claim,0,Closed,0,0,No
CUST0128,Public Sector,1649902,Steel Frame,48,Factory,Standard Property,25000,5667.74,NJ,Jersey City,7302,40.71953,-74.11423,X,33.5,42.2,0,15.8,1074.4,1.7,207.4,740.2,30.8,Low,CLM0128,PROP0128,POL0128,2024-07-20,No Cat Event,No Claim,0,Closed,0,0,No
CUST0129,Hospitality,2133370,Steel Frame,42,School,Multi-Peril,5000,6084.95,MN,Minneapolis,55401,45.04403,-93.22649,D,17.1,0,7.2,0,680.3,2,61.1,350.7,10.5,Low,CLM0129,PROP0129,POL0129,2023-11-15,No Cat Event,No Claim,0,Closed,0,0,No
CUST0130,Education,1933351,Mixed Material,38,Factory,Flood Add-On,2500,6245.08,WA,Seattle,98101,47.54002,-122.33902,D,37.8,4.8,61.5,10.9,1094.2,4.2,152.8,1.2,34.4,Low,CLM0130,PROP0130,POL0130,2023-01-02,Wildfire,Fire Damage,113000,Closed,88,18.09,No
CUST0131,Financial Services,1121987,Mixed Material,27,Retail Store,Catastrophe Extended,10000,3408.29,MN,Minneapolis,55401,45.00297,-93.20916,D,29.2,0,0,0,683.3,3,230,721.7,12.8,Low,CLM0131,PROP0131,POL0131,2023-04-08,No Cat Event,No Claim,0,Closed,0,0,No
CUST0132,Manufacturing,5215181,Concrete,73,School,Business Interruption,2500,15749.89,CO,Denver,80202,39.68056,-104.93911,X,30.5,17.8,22.4,55,367.5,3.5,147.5,757.7,31.4,Low,CLM0132,PROP0132,POL0132,2023-06-09,No Cat Event,No Claim,0,Closed,0,0,No
CUST0133,Hospitality,1262813,Brick,69,Retail Store,Catastrophe Extended,5000,4659.18,FL,Miami,33101,25.708,-80.19723,VE,80.6,82.7,12.4,4.1,1623.7,4.8,8.3,692.4,60.5,Medium,CLM0133,PROP0133,POL0133,2024-11-24,Flood,Water Damage,82713,Denied,15,17.75,No
CUST0134,Healthcare,8236765,Wood Frame,52,Retail Store,Standard Property,10000,28231.88,CA,San Francisco,94103,37.73653,-122.34089,Minimal,33.8,0,84.5,53.4,500,3.5,224.3,17.5,41.5,Medium,CLM0134,PROP0134,POL0134,2023-03-08,Wildfire,Fire Damage,792469,Closed,8,28.07,No
CUST0135,Retail,1021572,Concrete,43,Office,Catastrophe Extended,1000,3555.61,CA,Los Angeles,90012,34.1166,-118.25275,D,17.2,14.7,87.5,50.9,446,3.4,138.8,5.5,40.3,Medium,CLM0135,PROP0135,POL0135,2024-09-20,No Cat Event,No Claim,0,Closed,0,0,No
CUST0136,Energy,3706041,Wood Frame,71,Office,Standard Property,5000,10928.89,AZ,Phoenix,85004,33.46712,-112.05044,Minimal,2.6,4.3,22.1,47.5,387.9,2.9,49,336.9,17.4,Low,CLM0136,PROP0136,POL0136,2024-05-11,No Cat Event,No Claim,0,Closed,0,0,No
CUST0137,Hospitality,2518578,Concrete,24,Hotel,Flood Add-On,2500,7682.48,WA,Seattle,98101,47.67223,-122.33172,X,44.3,0,62.4,19.2,898.7,3.9,147.1,4.8,35.9,Low,CLM0137,PROP0137,POL0137,2025-04-15,No Cat Event,No Claim,0,Closed,0,0,No
CUST0138,Logistics,5079255,Brick,50,Hospital,Business Interruption,2500,13824.98,MN,Minneapolis,55401,45.04456,-93.33605,X,24.2,5.9,12.9,0,852.2,3.6,299.3,472.3,16.5,Low,CLM0138,PROP0138,POL0138,2024-05-19,No Cat Event,No Claim,0,Closed,0,0,No
CUST0139,Manufacturing,721171,Mixed Material,30,Retail Store,Standard Property,25000,2724.77,CO,Denver,80202,39.70865,-104.99183,X,15,8.4,32.4,40.2,313.9,4,439.4,94.7,23.1,Low,CLM0139,PROP0139,POL0139,2025-03-03,No Cat Event,No Claim,0,Closed,0,0,No
CUST0140,Manufacturing,3383906,Mixed Material,51,Warehouse,Multi-Peril,5000,12126.54,FL,Miami,33101,25.81714,-80.13409,D,84.3,100,3.5,14.2,1545.4,4.3,25,471.5,66,High,CLM0140,PROP0140,POL0140,2024-08-26,No Cat Event,No Claim,0,Closed,0,0,No
CUST0141,Financial Services,1318275,Concrete,23,School,Flood Add-On,1000,3667.12,UT,Salt Lake City,84101,40.70886,-111.92191,D,2.5,9.3,37.7,24.2,267.5,2.7,192.3,108.4,17.4,Low,CLM0141,PROP0141,POL0141,2023-04-01,No Cat Event,No Claim,0,Closed,0,0,No
CUST0142,Education,3996603,Brick,2,Retail Store,Business Interruption,50000,11874.23,UT,Salt Lake City,84101,40.79423,-111.86874,D,0.7,0,23,16.6,493.7,3.6,446.9,419.8,10.7,Low,CLM0142,PROP0142,POL0142,2025-04-28,No Cat Event,No Claim,0,Closed,0,0,No
CUST0143,Logistics,1614461,Concrete,58,Office,Multi-Peril,1000,4847.22,NJ,Jersey City,7302,40.764,-74.03061,D,58.5,22.2,0,1.3,1333.5,3,453.1,119.8,31.8,Low,CLM0143,PROP0143,POL0143,2024-12-22,No Cat Event,No Claim,0,Closed,0,0,No
CUST0144,Public Sector,7713791,Steel Frame,56,Office,Standard Property,5000,26671.85,TX,Houston,77002,29.74941,-95.34522,Minimal,50.7,85.9,15.3,26.9,1265.5,3.8,9.1,87.2,54.8,Medium,CLM0144,PROP0144,POL0144,2023-02-25,No Cat Event,No Claim,0,Closed,0,0,No
CUST0145,Public Sector,4279286,Concrete,26,Office,Business Interruption,2500,14060.49,WA,Seattle,98101,47.52681,-122.39808,D,49.3,4.2,45.8,28.5,939.5,4.8,161.9,16.4,36.9,Low,CLM0145,PROP0145,POL0145,2023-09-27,No Cat Event,Liability/Other,175699,Paid,14,12.5,No
CUST0146,Financial Services,4983243,Steel Frame,8,Warehouse,Standard Property,50000,15949.81,NJ,Jersey City,7302,40.71221,-74.0869,D,46.2,49.1,7.2,6.6,1372.7,4.3,232.6,451.6,38.2,Low,CLM0146,PROP0146,POL0146,2023-11-03,No Cat Event,No Claim,0,Closed,0,0,No
CUST0147,Healthcare,4461932,Mixed Material,74,Hospital,Standard Property,10000,15790.67,FL,Miami,33101,25.74487,-80.13517,VE,84.5,100,12.4,0,1522.4,6.2,15.8,798,65.4,High,CLM0147,PROP0147,POL0147,2025-01-14,No Cat Event,No Claim,0,Closed,0,0,No
CUST0148,Technology,3583255,Brick,71,Factory,Flood Add-On,10000,11771.64,NC,Charlotte,28202,35.27627,-80.90918,X,15.4,51,7.1,18.5,960.5,2,300.6,487,28.9,Low,CLM0148,PROP0148,POL0148,2023-04-14,No Cat Event,No Claim,0,Closed,0,0,No
CUST0149,Education,7614304,Brick,53,School,Catastrophe Extended,25000,21200.13,MN,Minneapolis,55401,44.94357,-93.2593,X,1.1,0,0,13.3,849.7,0.4,449.2,298.6,7,Low,CLM0149,PROP0149,POL0149,2023-12-12,Heavy Rain,Water Damage,47484,Under Review,8,2.24,No
CUST0150,Energy,7449395,Steel Frame,13,Hospital,Multi-Peril,50000,22387.17,UT,Salt Lake City,84101,40.80778,-111.92125,Minimal,17.8,0,33,24.4,297.7,1.9,419,605.7,18.8,Low,CLM0150,PROP0150,POL0150,2024-06-11,No Cat Event,No Claim,0,Closed,0,0,No
